[
  {
    "route": "",
    "flowLayout": false,
    "params": {},
    "title": "Main Layout",
    "children": [
      {
        "route": "",
        "menu": {
          "exclude": true
        },
        "flowLayout": false,
        "params": {},
        "title": "Main"
      },
      {
        "route": "artista-list",
        "title": "Artistas",
        "menu": {
          "icon": "vaadin:clipboard-check",
          "order": 1,
          "title": "Artistas"
        },
        "flowLayout": false,
        "params": {}
      },
      {
        "route": "artistabanda-list",
        "title": "Artista Banda",
        "menu": {
          "icon": "vaadin:clipboard-check",
          "order": 3,
          "title": "Artista Banda"
        },
        "flowLayout": false,
        "params": {}
      },
      {
        "route": "banda-list",
        "title": "Banda",
        "menu": {
          "icon": "vaadin:clipboard-check",
          "order": 2,
          "title": "Banda"
        },
        "flowLayout": false,
        "params": {}
      },
      {
        "route": "cancion-list",
        "title": "Canciones",
        "menu": {
          "icon": "vaadin:clipboard-check",
          "order": 1,
          "title": "Cancion"
        },
        "flowLayout": false,
        "params": {}
      }
    ]
  }
]